{
    "best_val_loss": 1.8154194355010986,
    "best_step": 5999,
    "test_loss": 1.859438419342041,
    "steps": [
        0,
        300,
        600,
        900,
        1200,
        1500,
        1800,
        2100,
        2400,
        2700,
        3000,
        3300,
        3600,
        3900,
        4200,
        4500,
        4800,
        5100,
        5400,
        5700,
        5999
    ],
    "train_losses": [
        4.3379130363464355,
        2.5416486263275146,
        2.456848621368408,
        2.388768434524536,
        2.3019537925720215,
        2.2017459869384766,
        2.122418165206909,
        2.0643739700317383,
        2.0106143951416016,
        1.9674859046936035,
        1.918186902999878,
        1.8886431455612183,
        1.8537533283233643,
        1.8232945203781128,
        1.7999067306518555,
        1.7786848545074463,
        1.7554622888565063,
        1.7396252155303955,
        1.7239793539047241,
        1.7103679180145264,
        1.6961125135421753
    ],
    "val_losses": [
        4.333620071411133,
        2.5334959030151367,
        2.456883668899536,
        2.3949244022369385,
        2.31535267829895,
        2.2098541259765625,
        2.1474013328552246,
        2.0910162925720215,
        2.0446197986602783,
        2.012380361557007,
        1.9803546667099,
        1.9516386985778809,
        1.9288544654846191,
        1.91530442237854,
        1.9006108045578003,
        1.867652177810669,
        1.8589482307434082,
        1.8469152450561523,
        1.8348469734191895,
        1.8217191696166992,
        1.8154194355010986
    ],
    "device": "cuda",
    "config": {
        "block_size": 128,
        "batch_size": 32,
        "n_embd": 96,
        "n_head": 4,
        "n_layer": 3,
        "max_iters": 6000,
        "eval_interval": 300,
        "eval_iters": 100,
        "learning_rate": 0.0003,
        "dropout": 0.2
    }
}